Date,Open,High,Low,Close,Volume,MarketCap
2021-08-14,"$47,810.69","$48,098.68","$46,177.63","$47,096.95","$31,211,354,442","$884,769,956,069"
2021-08-13,"$44,439.69","$47,831.98","$44,282.42","$47,793.32","$31,744,259,539","$897,802,604,441"
2021-08-12,"$45,576.88","$46,228.91","$43,861.45","$44,428.29","$33,723,620,826","$834,546,790,666"
2021-08-11,"$45,599.70","$46,735.63","$45,351.71","$45,593.64","$34,319,709,073","$856,398,622,622"
2021-08-10,"$46,280.85","$46,637.99","$44,705.56","$45,585.03","$33,546,019,517","$856,195,142,352"
2021-08-09,"$43,791.93","$46,456.83","$42,848.69","$46,365.40","$38,734,079,049","$870,805,373,889"
2021-08-08,"$44,574.44","$45,282.35","$43,331.91","$43,798.12","$36,302,664,750","$822,545,074,286"
2021-08-07,"$42,832.80","$44,689.86","$42,618.57","$44,555.80","$40,030,862,141","$836,730,623,772"
2021-08-06,"$40,865.87","$43,271.66","$39,932.18","$42,816.50","$38,226,483,046","$804,022,903,682"
2021-08-05,"$39,744.51","$41,341.93","$37,458.00","$40,869.55","$35,185,031,017","$767,423,192,906"
2021-08-04,"$38,213.33","$39,952.30","$37,589.17","$39,747.51","$25,372,562,724","$746,313,542,791"
2021-08-03,"$39,178.40","$39,750.03","$37,782.05","$38,152.98","$26,189,830,450","$716,341,544,145"
2021-08-02,"$39,907.26","$40,419.18","$38,746.35","$39,201.95","$25,595,265,436","$735,995,665,489"
2021-08-01,"$41,460.84","$42,541.68","$39,540.94","$39,974.90","$26,688,438,115","$750,472,428,208"
2021-07-31,"$42,196.30","$42,231.45","$41,110.83","$41,626.20","$25,802,845,343","$781,431,379,811"
2021-07-30,"$40,027.48","$42,235.55","$38,397.35","$42,235.55","$33,072,782,960","$792,829,863,258"
2021-07-29,"$39,995.45","$40,593.07","$39,352.06","$40,008.42","$27,167,146,027","$750,980,784,072"
2021-07-28,"$39,503.19","$40,816.07","$38,862.44","$39,995.91","$38,702,404,695","$750,706,646,107"
2021-07-27,"$37,276.04","$39,406.94","$36,441.73","$39,406.94","$35,097,370,560","$739,612,127,373"
2021-07-26,"$35,384.03","$40,499.68","$35,287.31","$37,337.53","$51,022,126,212","$700,734,471,386"
2021-07-25,"$34,290.29","$35,364.93","$33,881.84","$35,350.19","$20,856,685,287","$663,401,935,103"
2021-07-24,"$33,593.73","$34,490.39","$33,424.86","$34,292.45","$21,664,706,865","$643,518,528,651"
2021-07-23,"$32,305.96","$33,581.55","$32,057.89","$33,581.55","$22,552,046,192","$630,147,722,704"
2021-07-22,"$32,138.87","$32,576.40","$31,745.30","$32,313.11","$19,555,230,518","$606,316,858,335"
2021-07-21,"$29,796.29","$32,752.33","$29,526.18","$32,110.69","$28,203,024,559","$602,489,309,202"
2021-07-20,"$30,838.29","$31,006.19","$29,360.96","$29,807.35","$23,148,267,245","$559,244,324,356"
2021-07-19,"$31,800.01","$31,885.86","$30,563.74","$30,817.83","$20,434,789,545","$578,178,147,283"
2021-07-18,"$31,533.88","$32,399.00","$31,215.49","$31,796.81","$18,787,986,667","$596,513,309,277"
2021-07-17,"$31,397.31","$31,935.94","$31,223.99","$31,533.07","$18,895,018,942","$591,536,476,392"
2021-07-16,"$31,841.55","$32,218.41","$31,100.67","$31,421.54","$23,699,476,918","$589,415,807,378"
2021-07-15,"$32,827.87","$33,159.64","$31,175.71","$31,780.73","$21,300,524,237","$596,124,462,729"
2021-07-14,"$32,723.85","$33,061.40","$31,639.12","$32,822.35","$21,376,531,210","$615,635,042,692"
2021-07-13,"$33,125.47","$33,327.10","$32,261.42","$32,702.03","$19,120,856,669","$613,343,664,760"
2021-07-12,"$34,254.02","$34,592.16","$32,697.31","$33,155.85","$24,321,499,537","$621,827,984,940"
2021-07-11,"$33,509.08","$34,584.70","$33,346.74","$34,240.19","$20,108,729,370","$642,138,104,626"
2021-07-10,"$33,811.24","$34,209.07","$33,116.01","$33,520.52","$22,971,873,468","$628,615,338,753"
2021-07-09,"$32,861.67","$34,042.29","$32,318.88","$33,798.01","$27,436,021,028","$633,784,072,787"
2021-07-08,"$33,889.61","$33,907.91","$32,133.18","$32,877.37","$29,910,396,946","$616,492,852,697"
2021-07-07,"$34,225.68","$34,997.66","$33,839.29","$33,855.33","$24,796,027,477","$634,802,817,185"
2021-07-06,"$33,723.51","$35,038.54","$33,599.92","$34,235.19","$26,501,259,870","$641,899,161,594"
2021-07-05,"$35,284.34","$35,284.34","$33,213.66","$33,746.00","$26,721,554,282","$632,696,207,200"
2021-07-04,"$34,665.56","$35,937.57","$34,396.48","$35,287.78","$24,924,307,911","$661,574,836,315"
2021-07-03,"$33,854.42","$34,909.26","$33,402.70","$34,668.55","$24,383,958,643","$649,939,701,346"
2021-07-02,"$33,549.60","$33,939.59","$32,770.68","$33,897.05","$38,728,974,942","$635,450,784,106"
2021-07-01,"$35,035.98","$35,035.98","$32,883.78","$33,572.12","$37,838,957,079","$629,339,325,298"
2021-06-30,"$35,908.39","$36,074.76","$34,086.15","$35,040.84","$34,059,036,099","$656,852,513,238"
2021-06-29,"$34,475.56","$36,542.11","$34,252.48","$35,867.78","$37,901,460,044","$672,333,423,402"
2021-06-28,"$34,679.12","$35,219.89","$33,902.08","$34,434.34","$33,892,523,752","$645,442,759,493"
2021-06-27,"$32,287.52","$34,656.13","$32,071.76","$34,649.64","$35,511,640,894","$649,461,677,014"
2021-06-26,"$31,594.66","$32,637.59","$30,184.50","$32,186.28","$38,585,385,521","$603,276,028,309"
2021-06-25,"$34,659.10","$35,487.25","$31,350.88","$31,637.78","$40,230,904,226","$592,978,211,189"
2021-06-24,"$33,682.80","$35,228.85","$32,385.21","$34,662.44","$33,123,368,116","$649,643,997,441"
2021-06-23,"$32,515.71","$34,753.41","$31,772.63","$33,723.03","$46,317,108,925","$632,011,278,436"
2021-06-22,"$31,622.38","$33,292.45","$28,893.62","$32,505.66","$58,964,353,058","$609,180,639,390"
2021-06-21,"$35,641.15","$35,721.64","$31,295.94","$31,676.69","$52,809,038,594","$593,627,575,887"
2021-06-20,"$35,563.14","$36,059.48","$33,432.08","$35,698.30","$36,664,034,054","$668,968,868,770"
2021-06-19,"$35,854.53","$36,457.80","$34,933.06","$35,615.87","$31,207,279,719","$667,400,859,261"
2021-06-18,"$38,099.48","$38,187.26","$35,255.85","$35,787.24","$36,200,887,275","$670,589,444,851"
2021-06-17,"$38,341.42","$39,513.67","$37,439.67","$38,053.50","$37,096,670,047","$713,025,631,758"
2021-06-16,"$40,168.69","$40,516.78","$38,176.03","$38,347.06","$39,211,635,100","$718,494,773,612"
2021-06-15,"$40,427.17","$41,295.27","$39,609.47","$40,406.27","$46,420,149,185","$757,029,874,725"
2021-06-14,"$39,016.97","$40,978.36","$38,757.28","$40,218.48","$43,148,914,673","$753,471,062,534"
2021-06-13,"$35,555.79","$39,322.78","$34,864.11","$39,097.86","$40,669,112,838","$732,465,659,892"
2021-06-12,"$37,340.14","$37,408.93","$34,728.19","$35,552.52","$37,924,228,550","$666,018,173,753"
2021-06-11,"$36,697.03","$37,608.69","$36,044.45","$37,334.40","$38,699,736,985","$699,368,729,838"
2021-06-10,"$37,389.52","$38,334.33","$35,847.59","$36,702.60","$43,576,032,854","$687,509,421,226"
2021-06-09,"$33,416.98","$37,537.37","$32,475.87","$37,345.12","$53,972,919,008","$699,516,138,698"
2021-06-08,"$33,589.52","$34,017.39","$31,114.44","$33,472.63","$49,902,050,442","$626,954,944,879"
2021-06-07,"$35,835.27","$36,790.57","$33,480.64","$33,560.71","$33,683,936,663","$628,572,961,759"
2021-06-06,"$35,538.61","$36,436.42","$35,304.58","$35,862.38","$28,913,440,585","$671,652,557,855"
2021-06-05,"$36,880.16","$37,917.71","$34,900.41","$35,551.96","$35,959,473,399","$665,804,639,833"
2021-06-04,"$39,242.49","$39,242.49","$35,717.72","$36,894.41","$41,831,090,187","$690,915,072,093"
2021-06-03,"$37,599.41","$39,478.95","$37,243.97","$39,208.77","$35,460,750,427","$734,224,332,239"
2021-06-02,"$36,699.92","$38,231.34","$35,966.31","$37,575.18","$33,070,867,190","$703,599,671,425"
2021-06-01,"$37,293.79","$37,896.74","$35,787.09","$36,684.92","$34,639,423,297","$686,891,021,225"
2021-05-31,"$35,658.59","$37,468.25","$34,241.94","$37,332.85","$39,009,847,639","$698,990,486,185"
2021-05-30,"$34,607.41","$36,400.67","$33,520.74","$35,678.13","$31,646,080,921","$667,976,638,398"
2021-05-29,"$35,684.16","$37,234.50","$33,693.93","$34,616.07","$45,231,013,335","$648,061,013,208"
2021-05-28,"$38,507.08","$38,856.97","$34,779.04","$35,697.61","$55,200,191,952","$668,283,930,067"
2021-05-27,"$39,316.89","$40,379.62","$37,247.90","$38,436.97","$43,210,968,721","$719,538,129,128"
2021-05-26,"$38,392.62","$40,782.08","$37,905.83","$39,294.20","$51,346,735,160","$735,556,411,166"
2021-05-25,"$38,795.78","$39,776.35","$36,581.43","$38,402.22","$56,211,915,803","$718,829,377,408"
2021-05-24,"$34,700.36","$39,835.14","$34,551.08","$38,705.98","$67,359,584,098","$724,332,072,424"
2021-05-23,"$37,531.45","$38,289.22","$31,227.34","$34,770.58","$78,469,274,361","$650,686,270,744"
2021-05-22,"$37,371.03","$38,831.05","$35,383.68","$37,536.63","$57,377,273,240","$702,449,253,648"
2021-05-21,"$40,596.95","$42,172.17","$33,616.45","$37,304.69","$82,051,616,861","$698,108,789,817"
2021-05-20,"$36,753.67","$42,462.98","$35,050.62","$40,782.74","$88,281,943,359","$763,195,929,022"
2021-05-19,"$42,944.98","$43,546.12","$30,681.50","$37,002.44","$126,358,098,747","$692,452,570,147"
2021-05-18,"$43,488.06","$45,812.46","$42,367.83","$42,909.40","$56,187,365,084","$802,974,346,863"
2021-05-17,"$46,415.90","$46,623.56","$42,207.29","$43,537.51","$74,903,638,450","$814,701,646,509"
2021-05-16,"$46,716.64","$49,720.04","$43,963.35","$46,456.06","$64,047,871,555","$869,279,076,502"
2021-05-15,"$49,855.49","$50,639.67","$46,664.14","$46,760.19","$59,161,047,474","$874,931,019,742"
2021-05-14,"$49,682.98","$51,438.12","$48,868.58","$49,880.53","$55,737,497,453","$933,276,901,265"
2021-05-13,"$49,735.43","$51,330.84","$46,980.02","$49,716.19","$96,721,152,926","$930,161,010,060"
2021-05-12,"$56,714.53","$57,939.36","$49,150.53","$49,150.53","$75,215,403,907","$919,527,847,950"
2021-05-11,"$55,847.24","$56,872.54","$54,608.65","$56,704.57","$61,308,396,325","$1,060,790,877,192"
2021-05-10,"$58,250.87","$59,519.35","$54,071.46","$55,859.80","$71,776,546,298","$1,044,927,337,818"
2021-05-09,"$58,877.39","$59,210.88","$56,482.00","$58,232.32","$65,906,690,347","$1,089,244,557,676"
2021-05-08,"$57,352.77","$59,464.61","$56,975.21","$58,803.78","$65,382,980,634","$1,099,863,941,004"
2021-05-07,"$56,413.95","$58,606.63","$55,321.85","$57,356.40","$68,434,023,376","$1,072,727,435,210"
2021-05-06,"$57,441.31","$58,363.31","$55,382.51","$56,396.51","$69,523,285,106","$1,054,714,918,675"
2021-05-05,"$53,252.16","$57,911.36","$52,969.06","$57,424.01","$69,241,316,747","$1,073,873,012,867"
2021-05-04,"$57,214.18","$57,214.18","$53,191.43","$53,333.54","$68,564,706,967","$997,324,142,593"
2021-05-03,"$56,620.27","$58,973.31","$56,590.87","$57,200.29","$51,713,139,031","$1,069,563,935,453"
2021-05-02,"$57,825.86","$57,902.59","$56,141.91","$56,631.08","$38,177,405,335","$1,058,862,005,057"
2021-05-01,"$57,714.66","$58,448.34","$57,052.27","$57,828.05","$42,836,427,360","$1,081,174,515,343"
2021-04-30,"$53,568.66","$57,900.72","$53,129.60","$57,750.18","$52,395,931,985","$1,079,669,884,320"
2021-04-29,"$54,858.09","$55,115.84","$52,418.03","$53,555.11","$46,088,929,780","$1,001,193,634,072"
2021-04-28,"$55,036.64","$56,227.21","$53,887.92","$54,824.70","$48,000,572,955","$1,024,888,208,734"
2021-04-27,"$54,030.30","$55,416.96","$53,319.19","$55,033.12","$49,448,222,757","$1,028,733,359,592"
2021-04-26,"$49,077.79","$54,288.00","$48,852.80","$54,021.75","$58,284,039,825","$1,009,780,042,661"
2021-04-25,"$50,052.83","$50,506.02","$47,159.49","$49,004.25","$46,117,114,240","$915,955,943,256"
2021-04-24,"$51,143.23","$51,167.56","$48,805.28","$50,050.87","$49,014,494,781","$935,471,648,213"
2021-04-23,"$51,739.81","$52,120.79","$47,714.66","$51,093.65","$86,668,667,320","$954,919,230,092"
2021-04-22,"$53,857.11","$55,410.23","$50,583.81","$51,762.27","$74,798,630,778","$967,372,472,375"
2021-04-21,"$56,471.13","$56,757.97","$53,695.47","$53,906.09","$54,926,612,466","$1,007,389,534,360"
2021-04-20,"$55,681.79","$57,062.15","$53,448.05","$56,473.03","$67,849,323,955","$1,055,323,526,514"
2021-04-19,"$56,191.58","$57,520.05","$54,368.59","$55,724.27","$65,344,865,159","$1,041,287,672,154"
2021-04-18,"$60,701.89","$61,057.46","$52,829.54","$56,216.19","$97,468,872,758","$1,050,445,401,610"
2021-04-17,"$61,529.92","$62,572.18","$60,361.35","$60,683.82","$66,138,759,198","$1,133,882,479,237"
2021-04-16,"$63,258.51","$63,594.72","$60,222.53","$61,572.79","$84,293,007,468","$1,150,457,156,740"
2021-04-15,"$63,075.20","$63,821.67","$62,208.96","$63,314.01","$60,954,381,579","$1,182,945,492,744"
2021-04-14,"$63,523.75","$64,863.10","$61,554.80","$63,109.70","$77,451,779,687","$1,179,061,093,980"
2021-04-13,"$59,890.02","$63,742.28","$59,869.96","$63,503.46","$69,983,454,362","$1,186,364,044,140"
2021-04-12,"$60,175.94","$61,253.04","$59,589.87","$59,893.45","$51,828,688,519","$1,118,871,072,069"
2021-04-11,"$59,846.23","$60,790.56","$59,289.80","$60,204.96","$46,280,252,580","$1,124,635,848,775"
2021-04-10,"$58,253.78","$61,276.67","$58,038.71","$59,793.24","$58,238,470,525","$1,116,889,802,872"
2021-04-09,"$58,326.56","$58,937.05","$57,807.86","$58,245.00","$46,655,208,546","$1,087,911,057,870"
2021-04-08,"$56,099.91","$58,338.74","$55,879.08","$58,323.95","$53,053,855,641","$1,089,334,328,139"
2021-04-07,"$58,186.51","$58,731.14","$55,604.02","$56,048.94","$75,645,303,584","$1,046,793,054,753"
2021-04-06,"$59,171.93","$59,479.58","$57,646.81","$58,192.36","$66,058,027,988","$1,086,769,183,295"
2021-04-05,"$58,760.87","$59,891.30","$57,694.83","$59,057.88","$60,706,272,115","$1,102,880,790,089"
2021-04-04,"$57,604.84","$58,913.75","$57,168.68","$58,758.56","$50,749,662,970","$1,097,232,660,348"
2021-04-03,"$59,397.41","$60,110.27","$57,603.89","$57,603.89","$59,641,344,484","$1,075,617,261,180"
2021-04-02,"$59,098.88","$60,267.19","$58,869.28","$59,384.31","$58,727,860,620","$1,108,813,863,083"
2021-04-01,"$58,926.56","$59,586.07","$58,505.28","$59,095.81","$61,669,163,792","$1,103,377,830,758"
2021-03-31,"$58,930.28","$59,930.03","$57,726.42","$58,918.83","$65,520,826,225","$1,100,016,786,763"
2021-03-30,"$57,750.13","$59,447.22","$57,251.55","$58,917.69","$54,414,116,432","$1,099,939,890,804"
2021-03-29,"$55,947.90","$58,342.10","$55,139.34","$57,750.20","$57,625,587,027","$1,078,088,296,477"
2021-03-28,"$55,974.94","$56,610.31","$55,071.11","$55,950.75","$47,686,580,918","$1,044,446,559,059"
2021-03-27,"$55,137.57","$56,568.22","$54,242.91","$55,973.51","$47,266,542,233","$1,044,814,147,412"
2021-03-26,"$51,683.01","$55,137.31","$51,579.86","$55,137.31","$56,652,197,978","$1,029,150,697,411"
2021-03-25,"$52,726.75","$53,392.39","$50,856.57","$51,704.16","$67,999,812,841","$965,028,762,666"
2021-03-24,"$54,710.49","$57,262.38","$52,514.33","$52,774.26","$70,567,223,787","$984,948,142,898"
2021-03-23,"$54,511.66","$55,985.44","$53,470.69","$54,738.94","$56,435,023,914","$1,021,563,479,682"
2021-03-22,"$57,517.89","$58,471.48","$54,288.16","$54,529.15","$56,521,454,974","$1,017,595,269,117"
2021-03-21,"$58,309.91","$58,767.90","$56,005.62","$57,523.42","$51,943,414,539","$1,073,417,235,408"
2021-03-20,"$58,332.26","$60,031.29","$58,213.30","$58,313.64","$50,361,731,222","$1,088,105,221,978"
2021-03-19,"$57,850.44","$59,498.38","$56,643.70","$58,346.65","$49,063,873,786","$1,088,666,450,746"
2021-03-18,"$58,893.08","$60,116.25","$54,253.58","$57,858.92","$55,746,041,000","$1,079,511,086,884"
2021-03-17,"$56,825.83","$58,969.82","$54,528.63","$58,870.89","$60,258,313,191","$1,098,337,655,327"
2021-03-16,"$55,840.79","$56,833.18","$53,555.03","$56,804.90","$59,749,798,599","$1,059,745,818,423"
2021-03-15,"$59,267.43","$60,540.99","$55,393.17","$55,907.20","$66,419,369,890","$1,042,946,024,860"
2021-03-14,"$61,221.13","$61,597.92","$59,302.32","$59,302.32","$43,901,225,564","$1,106,226,132,525"
2021-03-13,"$57,343.37","$61,683.86","$56,217.97","$61,243.08","$60,669,829,814","$1,142,369,158,667"
2021-03-12,"$57,821.22","$57,996.62","$55,376.65","$57,332.09","$55,689,944,702","$1,069,366,321,844"
2021-03-11,"$55,963.18","$58,091.06","$54,484.59","$57,805.12","$56,772,343,595","$1,078,135,604,118"
2021-03-10,"$54,824.01","$57,258.25","$53,290.89","$56,008.55","$57,295,577,614","$1,044,580,057,477"
2021-03-09,"$52,272.97","$54,824.12","$51,981.83","$54,824.12","$50,912,227,385","$1,022,439,972,862"
2021-03-08,"$51,174.12","$52,314.07","$49,506.05","$52,246.52","$48,597,428,048","$974,321,883,623"
2021-03-07,"$48,918.68","$51,384.37","$48,918.68","$51,206.69","$43,137,459,378","$954,880,954,585"
2021-03-06,"$48,899.23","$49,147.22","$47,257.53","$48,912.38","$34,363,564,661","$912,054,166,029"
2021-03-05,"$48,527.03","$49,396.43","$46,542.51","$48,927.30","$48,625,928,883","$912,285,065,720"
2021-03-04,"$50,522.31","$51,735.09","$47,656.93","$48,561.17","$52,343,816,680","$905,414,104,807"
2021-03-03,"$48,415.81","$52,535.14","$48,274.32","$50,538.24","$53,220,811,975","$942,236,576,905"
2021-03-02,"$49,612.11","$50,127.51","$47,228.85","$48,378.99","$47,530,897,720","$901,933,683,269"
2021-03-01,"$45,159.50","$49,784.02","$45,115.09","$49,631.24","$53,891,300,112","$925,235,527,882"
2021-02-28,"$46,194.02","$46,716.43","$43,241.62","$45,137.77","$53,443,887,451","$841,428,977,515"
2021-02-27,"$46,344.77","$48,253.27","$45,269.03","$46,188.45","$45,910,946,382","$860,978,135,421"
2021-02-26,"$47,180.46","$48,370.79","$44,454.84","$46,339.76","$350,967,941,479","$863,752,275,053"
2021-02-25,"$49,709.08","$51,948.97","$47,093.85","$47,093.85","$54,506,565,949","$877,766,126,138"
2021-02-24,"$48,835.09","$51,290.14","$47,213.50","$49,705.33","$63,695,521,388","$926,393,090,751"
2021-02-23,"$54,204.93","$54,204.93","$45,290.59","$48,824.43","$106,102,492,824","$909,925,854,460"
2021-02-22,"$57,532.74","$57,533.39","$48,967.57","$54,207.32","$92,052,420,332","$1,010,205,212,981"
2021-02-21,"$56,068.57","$58,330.57","$55,672.61","$57,539.94","$51,897,585,191","$1,072,263,294,725"
2021-02-20,"$55,887.34","$57,505.23","$54,626.56","$56,099.52","$68,145,460,026","$1,045,371,087,640"
2021-02-19,"$51,675.98","$56,113.65","$50,937.28","$55,888.13","$63,495,496,918","$1,041,380,696,669"
2021-02-18,"$52,140.97","$52,474.11","$51,015.76","$51,679.80","$52,054,723,579","$962,915,078,024"
2021-02-17,"$49,207.28","$52,533.91","$49,072.38","$52,149.01","$80,820,545,404","$971,611,626,454"
2021-02-16,"$47,944.46","$50,341.10","$47,201.30","$49,199.87","$77,049,582,886","$916,623,418,254"
2021-02-15,"$48,696.54","$48,875.57","$46,347.48","$47,945.06","$77,069,903,166","$893,210,080,039"
2021-02-14,"$47,114.51","$49,487.64","$47,114.51","$48,717.29","$71,248,675,228","$907,551,330,153"
2021-02-13,"$47,491.20","$48,047.74","$46,392.28","$47,105.52","$70,250,456,155","$877,478,894,464"
2021-02-12,"$47,877.03","$48,745.73","$46,424.98","$47,504.85","$76,555,041,196","$884,874,050,612"
2021-02-11,"$44,898.71","$48,463.47","$44,187.76","$47,909.33","$81,388,911,810","$892,364,856,136"
2021-02-10,"$46,469.76","$47,145.57","$43,881.15","$44,918.18","$87,301,089,896","$836,616,907,527"
2021-02-09,"$46,184.99","$48,003.72","$45,166.96","$46,481.10","$91,809,846,886","$865,682,956,619"
2021-02-08,"$38,886.83","$46,203.93","$38,076.32","$46,196.46","$101,467,222,687","$860,342,706,260"
2021-02-07,"$39,250.19","$39,621.84","$37,446.15","$38,903.44","$65,500,641,143","$724,478,833,211"
2021-02-06,"$38,138.39","$40,846.55","$38,138.39","$39,266.01","$71,326,033,653","$731,192,490,093"
2021-02-05,"$36,931.55","$38,225.91","$36,658.76","$38,144.31","$58,598,066,402","$710,266,752,534"
2021-02-04,"$37,475.10","$38,592.18","$36,317.50","$36,926.06","$68,838,074,392","$687,542,752,523"
2021-02-03,"$35,510.82","$37,480.19","$35,443.98","$37,472.09","$61,166,818,159","$697,672,910,488"
2021-02-02,"$33,533.20","$35,896.88","$33,489.22","$35,510.29","$63,088,585,433","$661,114,581,664"
2021-02-01,"$33,114.58","$34,638.21","$32,384.23","$33,537.18","$61,400,400,660","$624,349,044,409"
2021-01-31,"$34,270.88","$34,288.33","$32,270.18","$33,114.36","$52,754,542,671","$616,452,744,533"
2021-01-30,"$34,295.94","$34,834.71","$32,940.19","$34,269.52","$65,141,828,798","$637,924,573,284"
2021-01-29,"$34,318.67","$38,406.26","$32,064.81","$34,316.39","$117,894,572,511","$638,768,671,362"
2021-01-28,"$30,441.04","$33,858.31","$30,023.21","$33,466.10","$76,517,157,706","$622,910,073,820"
2021-01-27,"$32,564.03","$32,564.03","$29,367.14","$30,432.55","$62,576,762,015","$566,417,413,554"
2021-01-26,"$32,358.61","$32,794.55","$31,030.27","$32,569.85","$60,255,421,470","$606,169,260,387"
2021-01-25,"$32,285.80","$34,802.74","$32,087.79","$32,366.39","$59,897,054,838","$602,350,097,075"
2021-01-24,"$32,064.38","$32,944.01","$31,106.69","$32,289.38","$48,643,830,599","$600,888,568,010"
2021-01-23,"$32,985.76","$33,360.98","$31,493.16","$32,067.64","$48,354,737,975","$596,733,137,645"
2021-01-22,"$30,817.63","$33,811.85","$28,953.37","$33,005.76","$77,207,272,511","$614,160,521,492"
2021-01-21,"$35,549.40","$35,552.68","$30,250.75","$30,825.70","$75,643,067,688","$573,565,664,943"
2021-01-20,"$36,050.11","$36,378.33","$33,570.48","$35,547.75","$66,834,573,161","$661,400,102,161"
2021-01-19,"$36,642.23","$37,755.89","$36,069.81","$36,069.81","$57,244,195,486","$671,081,200,700"
2021-01-18,"$35,792.24","$37,299.29","$34,883.84","$36,630.08","$49,511,702,429","$681,470,030,572"
2021-01-17,"$36,163.65","$36,722.35","$34,069.32","$35,791.28","$52,359,854,336","$665,831,621,391"
2021-01-16,"$36,821.65","$37,864.37","$35,633.55","$36,178.14","$57,706,187,875","$673,000,645,231"
2021-01-15,"$39,156.71","$39,577.71","$34,659.59","$36,825.37","$67,760,757,881","$685,005,864,471"
2021-01-14,"$37,325.11","$39,966.41","$36,868.56","$39,187.33","$63,615,990,033","$728,904,366,964"
2021-01-13,"$33,915.12","$37,599.96","$32,584.67","$37,316.36","$69,364,315,979","$694,069,582,194"
2021-01-12,"$35,516.36","$36,568.53","$32,697.98","$33,922.96","$74,773,277,909","$630,920,422,745"
2021-01-11,"$38,346.53","$38,346.53","$30,549.60","$35,566.66","$123,320,567,399","$661,457,321,418"
2021-01-10,"$40,254.22","$41,420.19","$35,984.63","$38,356.44","$79,980,747,690","$713,304,617,761"
2021-01-09,"$40,788.64","$41,436.35","$38,980.88","$40,254.55","$61,984,162,837","$748,563,483,043"
2021-01-08,"$39,381.77","$41,946.74","$36,838.64","$40,797.61","$88,107,519,480","$758,625,941,267"
2021-01-07,"$36,833.87","$40,180.37","$36,491.19","$39,371.04","$84,762,141,031","$732,062,681,138"
2021-01-06,"$34,013.61","$36,879.70","$33,514.03","$36,824.36","$75,289,433,811","$684,671,246,324"
2021-01-05,"$31,977.04","$34,437.59","$30,221.19","$33,992.43","$67,547,324,782","$631,980,005,970"
2021-01-04,"$32,810.95","$33,440.22","$28,722.76","$31,971.91","$81,163,475,344","$594,384,025,391"
2021-01-03,"$32,129.41","$34,608.56","$32,052.32","$32,782.02","$78,665,235,202","$609,409,213,147"
2021-01-02,"$29,376.46","$33,155.12","$29,091.18","$32,127.27","$67,865,420,765","$597,205,944,669"
2021-01-01,"$28,994.01","$29,600.63","$28,803.59","$29,374.15","$40,730,301,359","$546,001,594,838"
2020-12-31,"$28,841.57","$29,244.88","$28,201.99","$29,001.72","$46,754,964,848","$539,051,138,108"
2020-12-30,"$27,360.09","$28,937.74","$27,360.09","$28,840.95","$51,287,442,704","$536,033,807,161"
2020-12-29,"$27,081.81","$27,370.72","$25,987.30","$27,362.44","$45,265,946,774","$508,523,687,097"
2020-12-28,"$26,280.82","$27,389.11","$26,207.64","$27,084.81","$49,056,742,893","$503,339,329,917"
2020-12-27,"$26,439.37","$28,288.84","$25,922.77","$26,272.29","$66,479,895,605","$488,213,268,382"
2020-12-26,"$24,677.02","$26,718.07","$24,522.69","$26,437.04","$48,332,647,295","$491,250,863,157"
2020-12-25,"$23,733.57","$24,710.10","$23,463.67","$24,664.79","$42,068,395,846","$458,297,232,692"
2020-12-24,"$23,240.20","$23,768.34","$22,777.60","$23,735.95","$41,080,759,713","$441,017,197,764"
2020-12-23,"$23,781.97","$24,024.49","$22,802.65","$23,241.34","$51,146,161,904","$431,808,778,580"
2020-12-22,"$22,794.04","$23,789.90","$22,430.60","$23,783.03","$44,171,632,681","$441,850,902,134"
2020-12-21,"$23,474.46","$24,059.98","$22,159.37","$22,803.08","$45,852,713,981","$423,625,088,584"
2020-12-20,"$23,861.77","$24,209.66","$23,147.71","$23,477.30","$37,844,228,422","$436,129,331,482"
2020-12-19,"$23,132.87","$24,085.86","$22,826.47","$23,869.83","$38,487,546,580","$443,399,267,277"
2020-12-18,"$22,806.80","$23,238.60","$22,399.81","$23,137.96","$40,387,896,275","$429,781,092,528"
2020-12-17,"$21,308.35","$23,642.66","$21,234.68","$22,805.16","$71,378,606,374","$423,576,934,966"
2020-12-16,"$19,418.82","$21,458.91","$19,298.32","$21,310.60","$44,409,011,479","$395,799,863,746"
2020-12-15,"$19,246.92","$19,525.01","$19,079.84","$19,417.08","$26,741,982,541","$360,614,771,027"
2020-12-14,"$19,144.49","$19,305.10","$19,012.71","$19,246.64","$22,473,997,681","$357,432,550,020"
2020-12-13,"$18,806.77","$19,381.54","$18,734.33","$19,142.38","$25,450,468,637","$355,479,173,806"
2020-12-12,"$18,051.32","$18,919.55","$18,046.04","$18,803.66","$21,752,580,802","$349,170,613,899"
2020-12-11,"$18,263.93","$18,268.45","$17,619.53","$18,058.90","$27,919,640,985","$335,326,168,919"
2020-12-10,"$18,553.30","$18,553.30","$17,957.07","$18,264.99","$25,547,132,265","$339,136,939,586"
2020-12-09,"$18,320.88","$18,626.29","$17,935.55","$18,553.92","$34,420,373,071","$344,486,483,494"
2020-12-08,"$19,191.53","$19,283.48","$18,269.95","$18,321.14","$31,692,288,756","$340,148,764,252"
2020-12-07,"$19,343.13","$19,411.83","$18,931.14","$19,191.63","$26,896,357,742","$356,293,229,783"
2020-12-06,"$19,154.18","$19,390.50","$18,897.89","$19,345.12","$25,293,775,714","$359,123,541,247"
2020-12-05,"$18,698.39","$19,160.45","$18,590.19","$19,154.23","$27,242,455,064","$355,563,938,256"
2020-12-04,"$19,446.97","$19,511.40","$18,697.19","$18,699.77","$33,872,388,058","$347,111,351,136"
2020-12-03,"$19,205.93","$19,566.19","$18,925.78","$19,445.40","$31,930,317,405","$360,933,936,017"
2020-12-02,"$18,801.74","$19,308.33","$18,347.72","$19,201.09","$37,387,697,139","$356,381,007,571"
2020-12-01,"$19,633.77","$19,845.98","$18,321.92","$18,803.00","$49,633,658,712","$348,976,597,318"
2020-11-30,"$18,178.32","$19,749.26","$18,178.32","$19,625.84","$47,728,480,399","$364,229,729,426"
2020-11-29,"$17,719.63","$18,283.63","$17,559.12","$18,177.48","$31,133,957,704","$337,336,592,123"
2020-11-28,"$17,112.93","$17,853.94","$16,910.65","$17,717.42","$32,601,040,734","$328,782,832,212"
2020-11-27,"$17,153.91","$17,445.02","$16,526.42","$17,108.40","$38,886,494,645","$317,464,460,530"
2020-11-26,"$18,729.84","$18,866.29","$16,351.03","$17,150.62","$61,396,835,737","$318,231,964,319"
2020-11-25,"$19,104.41","$19,390.97","$18,581.15","$18,732.12","$43,710,357,371","$347,558,803,507"
2020-11-24,"$18,365.01","$19,348.27","$18,128.66","$19,107.46","$51,469,565,009","$354,504,361,032"
2020-11-23,"$18,370.02","$18,711.43","$18,000.80","$18,364.12","$42,741,112,308","$340,698,070,308"
2020-11-22,"$18,642.23","$18,688.97","$17,671.38","$18,370.00","$41,280,434,226","$340,790,183,317"
2020-11-21,"$18,621.32","$18,936.62","$18,444.36","$18,642.23","$39,650,210,707","$345,819,234,185"
2020-11-20,"$17,817.08","$18,773.23","$17,765.80","$18,621.31","$36,992,873,940","$345,411,881,099"
2020-11-19,"$17,803.86","$18,119.55","$17,382.55","$17,817.09","$36,985,055,355","$330,475,167,134"
2020-11-18,"$17,645.19","$18,393.95","$17,352.91","$17,804.01","$49,064,800,278","$330,218,014,062"
2020-11-17,"$16,685.69","$17,782.92","$16,564.54","$17,645.41","$39,006,849,170","$327,257,094,857"
2020-11-16,"$15,955.58","$16,816.18","$15,880.71","$16,716.11","$31,526,766,675","$309,889,423,249"
2020-11-15,"$16,068.14","$16,123.11","$15,793.53","$15,955.59","$23,653,867,583","$295,790,551,598"
2020-11-14,"$16,317.81","$16,317.81","$15,749.19","$16,068.14","$27,481,710,135","$297,877,068,423"
2020-11-13,"$16,276.44","$16,463.18","$15,992.15","$16,317.81","$31,599,492,172","$302,505,533,181"
2020-11-12,"$15,701.30","$16,305.00","$15,534.77","$16,276.34","$34,175,758,344","$301,736,853,825"
2020-11-11,"$15,290.91","$15,916.26","$15,290.01","$15,701.34","$29,772,374,934","$291,077,214,052"
2020-11-10,"$15,332.35","$15,450.33","$15,124.96","$15,290.90","$25,574,938,143","$283,468,380,961"
2020-11-09,"$15,479.60","$15,785.14","$14,865.53","$15,332.32","$34,149,115,566","$284,236,108,837"
2020-11-08,"$14,833.75","$15,637.32","$14,744.11","$15,479.57","$26,632,075,029","$286,955,182,899"
2020-11-07,"$15,565.88","$15,737.10","$14,423.20","$14,833.75","$35,024,953,706","$274,970,333,140"
2020-11-06,"$15,579.73","$15,903.44","$15,226.84","$15,565.88","$39,837,841,971","$288,526,920,959"
2020-11-05,"$14,133.73","$15,706.40","$14,102.09","$15,579.85","$40,856,321,439","$288,771,509,681"
2020-11-04,"$13,950.49","$14,218.77","$13,580.47","$14,133.71","$35,116,364,962","$261,954,213,176"
2020-11-03,"$13,550.45","$13,984.98","$13,325.44","$13,950.30","$29,869,951,617","$258,541,441,764"
2020-11-02,"$13,737.03","$13,808.32","$13,243.16","$13,550.49","$30,771,455,468","$251,119,864,445"
2020-11-01,"$13,780.99","$13,862.03","$13,628.38","$13,737.11","$24,453,857,900","$254,569,759,063"
2020-10-31,"$13,546.53","$14,028.21","$13,457.53","$13,780.99","$30,306,464,719","$255,372,071,116"
2020-10-30,"$13,437.87","$13,651.52","$13,136.20","$13,546.52","$30,581,485,201","$251,018,154,920"
2020-10-29,"$13,271.30","$13,612.05","$12,980.06","$13,437.88","$56,499,499,598","$248,995,322,466"
2020-10-28,"$13,654.21","$13,837.70","$12,932.25","$13,271.29","$35,867,318,895","$245,899,824,465"
2020-10-27,"$13,075.24","$13,759.67","$13,060.84","$13,654.22","$33,749,878,156","$252,985,946,390"
2020-10-26,"$13,031.20","$13,225.30","$12,822.38","$13,075.25","$29,461,458,313","$242,250,997,936"
2020-10-25,"$13,108.06","$13,329.18","$12,910.06","$13,031.17","$24,406,920,575","$241,425,217,440"
2020-10-24,"$12,931.57","$13,145.07","$12,885.75","$13,108.06","$24,542,317,940","$242,839,876,186"
2020-10-23,"$12,971.55","$13,015.96","$12,752.65","$12,931.54","$28,974,975,003","$239,557,562,148"
2020-10-22,"$12,801.64","$13,161.59","$12,717.09","$12,965.89","$34,729,759,598","$240,166,387,522"
2020-10-21,"$11,913.08","$13,184.57","$11,900.93","$12,823.69","$43,414,712,626","$237,532,386,963"
2020-10-20,"$11,745.97","$11,999.92","$11,681.48","$11,916.34","$30,915,821,592","$220,721,282,865"
2020-10-19,"$11,495.04","$11,799.09","$11,408.29","$11,742.04","$23,860,769,928","$217,482,407,293"
2020-10-18,"$11,355.98","$11,483.36","$11,347.58","$11,483.36","$18,283,314,340","$212,682,581,771"
2020-10-17,"$11,322.12","$11,386.26","$11,285.35","$11,358.10","$19,130,430,174","$210,353,665,235"
2020-10-16,"$11,502.83","$11,540.06","$11,223.01","$11,322.12","$25,635,480,772","$209,676,088,344"
2020-10-15,"$11,426.60","$11,569.91","$11,303.60","$11,495.35","$24,487,233,058","$212,873,103,428"
2020-10-14,"$11,429.05","$11,539.98","$11,307.83","$11,429.51","$24,103,426,719","$211,643,390,713"
2020-10-13,"$11,548.72","$11,548.98","$11,321.22","$11,425.90","$24,241,420,251","$211,565,586,739"
2020-10-12,"$11,392.64","$11,698.47","$11,240.69","$11,555.36","$26,163,972,642","$213,950,143,824"
2020-10-11,"$11,296.08","$11,428.81","$11,288.63","$11,384.18","$19,968,627,060","$210,766,812,992"
2020-10-10,"$11,059.14","$11,442.21","$11,056.94","$11,296.36","$22,877,978,588","$209,130,239,495"
2020-10-09,"$10,927.91","$11,102.67","$10,846.85","$11,064.46","$22,799,117,613","$204,827,451,843"
2020-10-08,"$10,669.37","$10,945.74","$10,562.61","$10,915.69","$63,314,794,397","$202,064,144,550"
2020-10-07,"$10,603.36","$10,680.51","$10,562.51","$10,668.97","$37,799,458,436","$197,485,816,055"
2020-10-06,"$10,796.31","$10,797.58","$10,528.89","$10,604.41","$42,623,695,307","$196,281,911,458"
2020-10-05,"$10,676.53","$10,793.51","$10,634.60","$10,793.34","$47,537,578,009","$199,769,602,128"
2020-10-04,"$10,550.44","$10,686.00","$10,534.39","$10,669.58","$71,251,776,995","$197,468,899,357"
2020-10-03,"$10,575.10","$10,598.94","$10,511.13","$10,549.33","$44,660,271,563","$195,233,191,301"
2020-10-02,"$10,619.82","$10,657.84","$10,416.69","$10,575.98","$48,661,453,918","$195,716,085,732"
2020-10-01,"$10,795.25","$10,933.62","$10,472.36","$10,619.45","$40,023,134,100","$196,512,086,756"
2020-09-30,"$10,843.87","$10,847.26","$10,669.32","$10,784.49","$44,171,073,700","$199,556,965,504"
2020-09-29,"$10,709.65","$10,860.00","$10,649.50","$10,844.64","$46,582,396,602","$200,660,083,839"
2020-09-28,"$10,776.61","$10,945.35","$10,703.89","$10,709.65","$47,762,394,731","$198,154,065,044"
2020-09-27,"$10,746.89","$10,803.98","$10,622.92","$10,775.27","$53,745,972,818","$199,357,967,523"
2020-09-26,"$10,695.58","$10,773.00","$10,667.28","$10,750.72","$46,852,525,493","$198,893,019,774"
2020-09-25,"$10,761.11","$10,777.70","$10,578.91","$10,692.72","$39,348,590,957","$197,809,986,226"
2020-09-24,"$10,248.79","$10,771.06","$10,231.49","$10,760.07","$47,144,380,902","$199,045,623,654"
2020-09-23,"$10,535.49","$10,537.83","$10,197.86","$10,246.19","$23,788,661,867","$189,529,920,746"
2020-09-22,"$10,459.62","$10,568.08","$10,382.73","$10,538.46","$23,621,787,804","$194,932,197,947"
2020-09-21,"$10,934.93","$10,988.30","$10,380.26","$10,462.26","$28,884,999,244","$193,514,327,128"
2020-09-20,"$11,095.87","$11,095.87","$10,814.48","$10,938.27","$24,699,523,788","$202,308,927,892"
2020-09-19,"$10,933.75","$11,134.09","$10,909.62","$11,094.35","$22,764,204,008","$205,185,696,336"
2020-09-18,"$10,951.82","$11,034.91","$10,829.66","$10,944.59","$26,341,903,912","$202,405,809,881"
2020-09-17,"$10,973.25","$11,037.42","$10,774.63","$10,948.99","$38,151,810,523","$202,475,761,712"
2020-09-16,"$10,797.76","$11,100.12","$10,704.88","$10,974.90","$30,769,986,455","$202,942,925,722"
2020-09-15,"$10,677.75","$10,938.63","$10,656.46","$10,796.95","$32,509,451,925","$199,641,896,762"
2020-09-14,"$10,328.73","$10,800.01","$10,266.01","$10,680.84","$35,453,581,940","$197,484,272,947"
2020-09-13,"$10,452.40","$10,577.22","$10,224.33","$10,323.76","$36,506,852,789","$190,870,759,062"
2020-09-12,"$10,409.86","$10,578.84","$10,292.39","$10,442.17","$36,750,077,324","$193,049,493,277"
2020-09-11,"$10,369.03","$10,434.92","$10,140.84","$10,400.91","$45,201,121,775","$192,275,791,669"
2020-09-10,"$10,242.33","$10,503.91","$10,238.14","$10,363.14","$54,406,443,211","$191,568,387,062"
2020-09-09,"$10,134.15","$10,350.54","$10,017.25","$10,242.35","$24,128,292,755","$189,325,507,175"
2020-09-08,"$10,369.31","$10,414.78","$9,945.11","$10,131.52","$33,430,927,462","$187,267,336,728"
2020-09-07,"$10,281.00","$10,399.15","$9,916.49","$10,369.56","$33,703,098,409","$191,657,203,885"
2020-09-06,"$10,167.22","$10,353.93","$10,056.89","$10,280.35","$37,071,460,174","$189,997,214,393"
2020-09-05,"$10,512.53","$10,581.57","$9,946.68","$10,169.57","$44,916,565,292","$187,940,141,276"
2020-09-04,"$10,230.37","$10,663.92","$10,207.94","$10,511.81","$29,965,130,374","$194,255,818,704"
2020-09-03,"$11,407.19","$11,443.02","$10,182.47","$10,245.30","$31,927,261,555","$189,322,069,063"
2020-09-02,"$11,964.82","$11,964.82","$11,290.79","$11,414.03","$28,037,405,299","$210,909,793,681"
2020-09-01,"$11,679.32","$12,067.08","$11,601.13","$11,970.48","$27,311,555,343","$221,181,001,607"
2020-08-31,"$11,713.31","$11,768.88","$11,598.32","$11,680.82","$22,285,928,250","$215,817,677,822"
2020-08-30,"$11,508.71","$11,715.26","$11,492.38","$11,711.51","$19,760,127,945","$216,373,660,045"
2020-08-29,"$11,541.05","$11,585.64","$11,466.29","$11,506.87","$17,485,597,759","$212,583,870,983"
2020-08-28,"$11,325.30","$11,545.62","$11,316.42","$11,542.50","$19,807,127,588","$213,231,661,583"
2020-08-27,"$11,485.61","$11,570.79","$11,185.94","$11,323.40","$23,240,415,076","$209,172,436,817"
2020-08-26,"$11,366.89","$11,530.05","$11,296.99","$11,488.36","$22,466,660,958","$212,210,534,428"
2020-08-25,"$11,773.59","$11,778.30","$11,189.85","$11,366.14","$26,301,509,932","$209,942,744,481"
2020-08-24,"$11,663.69","$11,807.63","$11,623.25","$11,774.60","$20,681,511,755","$217,477,962,650"
2020-08-23,"$11,679.70","$11,713.43","$11,559.92","$11,664.85","$18,482,062,658","$215,439,967,321"
2020-08-22,"$11,585.48","$11,689.41","$11,448.81","$11,681.83","$20,224,191,306","$215,742,068,895"
2020-08-21,"$11,878.03","$11,899.26","$11,564.98","$11,592.49","$23,762,425,999","$214,082,401,861"
2020-08-20,"$11,761.50","$11,900.41","$11,710.06","$11,878.37","$20,175,242,945","$219,350,310,326"
2020-08-19,"$11,990.88","$12,028.92","$11,687.33","$11,758.28","$24,502,851,117","$217,122,068,305"
2020-08-18,"$12,251.90","$12,335.71","$11,954.53","$11,991.23","$26,043,227,672","$221,413,097,553"
2020-08-17,"$11,895.66","$12,359.06","$11,806.70","$12,254.40","$28,227,687,027","$226,261,747,567"
2020-08-16,"$11,866.69","$11,934.90","$11,737.19","$11,892.80","$20,583,375,490","$219,576,092,170"
2020-08-15,"$11,768.70","$11,963.20","$11,768.70","$11,865.70","$23,354,924,400","$219,064,372,745"
2020-08-14,"$11,772.66","$12,150.99","$11,685.46","$11,768.87","$24,237,958,589","$217,265,120,503"
2020-08-13,"$11,588.41","$11,796.40","$11,216.87","$11,784.14","$27,522,199,497","$217,534,728,413"
2020-08-12,"$11,404.60","$11,748.40","$11,249.61","$11,584.93","$25,064,548,486","$213,846,666,475"
2020-08-11,"$11,881.65","$11,932.71","$11,195.71","$11,410.53","$27,039,782,640","$210,616,121,945"
2020-08-10,"$11,662.26","$12,045.14","$11,662.26","$11,878.11","$26,114,112,569","$219,235,405,395"
2020-08-09,"$11,737.33","$11,806.06","$11,548.78","$11,675.74","$17,489,608,833","$215,490,364,255"
2020-08-08,"$11,604.55","$11,800.06","$11,558.43","$11,754.05","$17,572,057,837","$216,924,147,851"
2020-08-07,"$11,778.89","$11,898.04","$11,408.59","$11,601.47","$23,132,312,867","$214,097,928,027"
2020-08-06,"$11,749.87","$11,902.34","$11,598.71","$11,779.77","$23,400,740,340","$217,377,233,001"
2020-08-05,"$11,203.82","$11,786.62","$11,158.29","$11,747.02","$24,411,254,471","$216,761,492,406"
2020-08-04,"$11,246.20","$11,385.38","$11,094.15","$11,205.89","$21,250,197,042","$206,767,135,617"
2020-08-03,"$11,043.77","$11,453.08","$11,012.41","$11,246.35","$20,271,713,443","$207,503,423,456"
2020-08-02,"$11,758.76","$12,034.14","$11,018.13","$11,053.61","$27,410,067,336","$203,936,136,730"
2020-08-01,"$11,322.57","$11,794.78","$11,239.68","$11,759.59","$26,075,670,303","$216,950,669,098"
2020-07-31,"$11,110.21","$11,415.86","$10,987.05","$11,323.47","$23,160,469,766","$208,895,308,529"
2020-07-30,"$11,099.83","$11,169.36","$10,895.46","$11,111.21","$22,857,247,901","$204,969,047,788"
2020-07-29,"$10,912.95","$11,304.40","$10,856.14","$11,100.47","$24,617,249,715","$204,761,455,133"
2020-07-28,"$11,017.46","$11,204.33","$10,632.63","$10,912.82","$28,766,551,142","$201,290,022,193"
2020-07-27,"$9,905.22","$11,298.22","$9,903.97","$10,990.87","$35,359,749,590","$202,719,581,737"
2020-07-26,"$9,680.23","$10,023.81","$9,652.85","$9,905.17","$20,507,998,997","$182,685,328,095"
2020-07-25,"$9,539.49","$9,704.56","$9,530.21","$9,677.11","$16,610,070,933","$178,469,614,078"
2020-07-24,"$9,585.51","$9,623.34","$9,481.45","$9,536.89","$16,552,768,325","$175,875,016,548"
2020-07-23,"$9,527.14","$9,610.25","$9,483.00","$9,581.07","$18,146,399,002","$176,680,237,480"
2020-07-22,"$9,375.08","$9,530.52","$9,319.65","$9,525.36","$16,532,254,884","$175,644,844,408"
2020-07-21,"$9,162.51","$9,407.26","$9,149.39","$9,374.89","$18,069,581,956","$172,861,732,402"
2020-07-20,"$9,187.22","$9,214.27","$9,137.51","$9,164.23","$13,755,604,146","$168,970,262,859"
2020-07-19,"$9,158.01","$9,201.40","$9,097.63","$9,185.82","$12,939,002,784","$169,360,219,986"
2020-07-18,"$9,151.18","$9,230.98","$9,100.82","$9,159.04","$12,252,601,475","$168,858,972,269"
2020-07-17,"$9,131.81","$9,182.25","$9,089.20","$9,151.39","$13,944,570,749","$168,710,427,574"
2020-07-16,"$9,191.98","$9,214.31","$9,088.95","$9,132.23","$15,713,967,523","$168,350,501,976"
2020-07-15,"$9,241.90","$9,275.33","$9,171.93","$9,192.84","$15,844,731,575","$169,460,074,576"
2020-07-14,"$9,238.70","$9,283.84","$9,171.66","$9,243.21","$18,085,038,362","$170,380,670,525"
2020-07-13,"$9,277.20","$9,306.40","$9,224.29","$9,243.61","$17,519,821,266","$170,379,677,119"
2020-07-12,"$9,241.06","$9,319.42","$9,197.45","$9,276.50","$14,452,361,907","$170,977,422,928"
2020-07-11,"$9,277.51","$9,293.53","$9,199.49","$9,240.35","$13,249,910,444","$170,302,234,778"
2020-07-10,"$9,273.36","$9,287.47","$9,118.00","$9,278.81","$16,860,035,605","$171,001,933,827"
2020-07-09,"$9,427.99","$9,431.38","$9,235.00","$9,277.97","$18,000,702,524","$170,977,231,638"
2020-07-08,"$9,253.02","$9,450.34","$9,249.50","$9,428.33","$19,702,359,883","$173,738,543,115"
2020-07-07,"$9,349.16","$9,360.62","$9,201.82","$9,252.28","$13,839,652,595","$170,485,472,276"
2020-07-06,"$9,072.85","$9,375.47","$9,058.66","$9,375.47","$17,889,263,252","$172,746,103,840"
2020-07-05,"$9,126.09","$9,162.18","$8,977.02","$9,073.94","$12,903,406,143","$167,181,726,154"
2020-07-04,"$9,084.23","$9,183.30","$9,053.63","$9,132.49","$12,290,528,515","$168,251,076,678"
2020-07-03,"$9,124.84","$9,202.34","$9,058.79","$9,087.30","$13,078,970,999","$167,409,720,388"
2020-07-02,"$9,231.14","$9,274.96","$9,036.62","$9,123.41","$16,338,916,796","$168,065,586,387"
2020-07-01,"$9,145.99","$9,309.75","$9,104.73","$9,228.33","$15,971,550,355","$169,988,756,578"
2020-06-30,"$9,185.58","$9,217.84","$9,084.84","$9,137.99","$15,735,797,744","$168,315,606,321"
2020-06-29,"$9,140.03","$9,237.57","$9,041.88","$9,190.85","$16,460,547,078","$169,280,659,246"
2020-06-28,"$9,048.46","$9,197.55","$8,975.53","$9,143.58","$14,560,870,760","$168,401,806,137"
2020-06-27,"$9,167.82","$9,207.81","$8,998.22","$9,045.39","$17,273,093,144","$166,584,831,506"
2020-06-26,"$9,260.99","$9,310.52","$9,101.74","$9,162.92","$18,341,465,837","$168,741,367,622"
2020-06-25,"$9,314.13","$9,340.16","$9,095.32","$9,264.81","$18,616,048,626","$170,608,289,504"
2020-06-24,"$9,632.15","$9,680.37","$9,278.23","$9,313.61","$18,961,716,076","$171,498,781,280"
2020-06-23,"$9,644.08","$9,670.54","$9,547.25","$9,629.66","$17,006,433,272","$177,310,052,079"
2020-06-22,"$9,300.92","$9,655.07","$9,296.87","$9,648.72","$21,104,009,514","$177,651,397,437"
2020-06-21,"$9,330.93","$9,401.11","$9,300.43","$9,303.63","$15,324,301,169","$171,289,415,079"
2020-06-20,"$9,290.96","$9,394.97","$9,247.38","$9,332.34","$17,130,541,557","$171,809,438,651"
2020-06-19,"$9,410.29","$9,440.88","$9,274.30","$9,288.02","$19,632,223,107","$170,985,625,732"
2020-06-18,"$9,481.57","$9,482.78","$9,328.40","$9,411.84","$17,770,083,003","$173,256,688,664"
2020-06-17,"$9,533.78","$9,540.42","$9,327.34","$9,480.26","$20,177,709,879","$174,508,805,561"
2020-06-16,"$9,454.27","$9,579.43","$9,400.45","$9,538.02","$21,565,537,209","$175,563,963,385"
2020-06-15,"$9,386.04","$9,504.86","$8,990.18","$9,450.70","$26,699,704,768","$173,947,607,772"
2020-06-14,"$9,477.55","$9,482.27","$9,347.59","$9,386.79","$18,991,732,746","$172,763,239,787"
2020-06-13,"$9,480.74","$9,493.21","$9,396.01","$9,475.28","$17,564,322,315","$174,381,819,725"
2020-06-12,"$9,320.69","$9,540.47","$9,285.85","$9,480.84","$22,610,564,515","$174,474,896,922"
2020-06-11,"$9,870.08","$9,938.30","$9,263.07","$9,321.78","$30,247,143,440","$171,538,133,043"
2020-06-10,"$9,794.12","$9,908.90","$9,728.29","$9,870.09","$25,706,567,601","$181,616,765,438"
2020-06-09,"$9,774.36","$9,836.37","$9,664.72","$9,795.70","$23,717,842,783","$180,237,817,527"
2020-06-08,"$9,760.06","$9,782.31","$9,675.89","$9,771.49","$21,486,346,312","$179,782,576,534"
2020-06-07,"$9,653.00","$9,768.50","$9,458.15","$9,758.85","$25,015,250,846","$179,540,253,701"
2020-06-06,"$9,664.90","$9,773.43","$9,591.02","$9,653.68","$20,438,419,222","$177,595,657,884"
2020-06-05,"$9,800.22","$9,869.24","$9,663.22","$9,665.53","$23,509,628,646","$177,801,825,145"
2020-06-04,"$9,655.85","$9,887.61","$9,525.25","$9,800.64","$25,921,805,072","$180,276,153,545"
2020-06-03,"$9,533.76","$9,682.86","$9,471.85","$9,656.72","$25,007,459,262","$177,619,631,126"
2020-06-02,"$10,162.97","$10,182.34","$9,460.57","$9,529.80","$39,137,252,109","$175,277,218,229"
2020-06-01,"$9,463.61","$10,199.56","$9,450.90","$10,167.27","$35,198,901,068","$186,993,405,740"
2020-05-31,"$9,700.11","$9,700.34","$9,432.30","$9,461.06","$27,773,290,299","$173,997,151,930"
2020-05-30,"$9,438.91","$9,704.03","$9,366.73","$9,700.41","$32,722,975,141","$178,390,129,758"
2020-05-29,"$9,528.36","$9,573.67","$9,379.34","$9,439.12","$32,896,642,044","$173,575,756,364"
2020-05-28,"$9,184.94","$9,546.32","$9,148.46","$9,525.75","$34,367,073,114","$175,161,235,290"
2020-05-27,"$8,837.38","$9,203.32","$8,834.16","$9,181.02","$32,740,536,902","$168,814,700,531"
2020-05-26,"$8,909.59","$8,991.97","$8,757.29","$8,835.05","$29,584,186,947","$162,445,535,235"
2020-05-25,"$8,786.11","$8,951.01","$8,719.67","$8,906.93","$31,288,157,264","$163,760,453,116"
2020-05-24,"$9,212.28","$9,288.40","$8,787.25","$8,790.37","$32,518,803,300","$161,610,414,643"
2020-05-23,"$9,185.06","$9,302.50","$9,118.11","$9,209.29","$27,727,866,812","$169,305,492,440"
2020-05-22,"$9,080.33","$9,232.94","$9,008.64","$9,182.58","$29,810,773,699","$168,807,619,957"
2020-05-21,"$9,522.74","$9,555.24","$8,869.93","$9,081.76","$39,326,160,532","$166,947,987,864"
2020-05-20,"$9,725.33","$9,804.79","$9,447.20","$9,522.98","$36,546,239,703","$175,050,963,475"
2020-05-19,"$9,727.06","$9,836.05","$9,539.62","$9,729.04","$39,254,288,955","$178,831,635,026"
2020-05-18,"$9,675.69","$9,906.03","$9,570.36","$9,726.57","$41,827,139,896","$178,779,483,464"
2020-05-17,"$9,374.93","$9,823.00","$9,349.55","$9,670.74","$40,084,250,663","$177,745,404,470"
2020-05-16,"$9,333.24","$9,564.20","$9,260.69","$9,377.01","$36,164,766,408","$172,340,956,579"
2020-05-15,"$9,734.29","$9,755.83","$9,261.40","$9,328.20","$48,158,802,327","$171,436,341,789"
2020-05-14,"$9,271.33","$9,793.27","$9,255.03","$9,733.72","$56,426,907,637","$178,881,641,547"
2020-05-13,"$8,805.39","$9,317.88","$8,805.39","$9,269.99","$45,558,144,023","$170,352,710,071"
2020-05-12,"$8,610.39","$8,949.90","$8,569.64","$8,804.48","$42,142,717,533","$161,791,577,301"
2020-05-11,"$8,755.54","$9,033.47","$8,374.32","$8,601.80","$57,119,858,802","$158,059,235,276"
2020-05-10,"$9,591.17","$9,595.58","$8,395.11","$8,756.43","$63,325,279,337","$160,884,755,211"
2020-05-09,"$9,840.91","$9,913.86","$9,580.64","$9,593.90","$46,566,121,841","$176,251,395,673"
2020-05-08,"$9,936.16","$9,996.74","$9,767.17","$9,842.67","$51,780,748,042","$180,804,859,844"
2020-05-07,"$9,261.90","$9,992.66","$9,138.32","$9,951.52","$61,112,700,562","$182,787,376,637"
2020-05-06,"$9,007.44","$9,411.47","$8,966.71","$9,268.76","$49,371,886,931","$170,229,620,935"
2020-05-05,"$8,912.83","$9,062.41","$8,856.83","$9,003.07","$43,148,462,663","$165,332,488,792"
2020-05-04,"$8,895.74","$8,956.91","$8,645.02","$8,912.65","$45,718,796,276","$163,654,493,632"
2020-05-03,"$8,983.61","$9,167.78","$8,830.97","$8,897.47","$47,101,785,174","$163,358,189,151"
2020-05-02,"$8,869.06","$9,007.19","$8,811.37","$8,988.60","$40,134,388,683","$165,012,307,600"
2020-05-01,"$8,672.78","$9,048.02","$8,667.76","$8,864.77","$44,068,389,997","$162,722,652,380"
2020-04-30,"$8,797.67","$9,440.65","$8,533.26","$8,658.55","$66,964,629,541","$158,922,133,909"
2020-04-29,"$7,806.71","$8,871.75","$7,786.05","$8,801.04","$60,201,052,203","$161,522,471,385"
2020-04-28,"$7,796.97","$7,814.53","$7,730.81","$7,807.06","$33,187,959,921","$143,266,252,261"
2020-04-27,"$7,679.42","$7,795.60","$7,679.42","$7,795.60","$36,162,144,725","$143,040,988,590"
2020-04-26,"$7,570.14","$7,700.59","$7,561.41","$7,679.87","$33,070,154,491","$140,903,867,573"
2020-04-25,"$7,550.48","$7,641.36","$7,521.67","$7,569.94","$32,941,541,447","$138,874,072,264"
2020-04-24,"$7,434.18","$7,574.20","$7,434.18","$7,550.90","$34,636,526,286","$138,512,029,491"
2020-04-23,"$7,121.31","$7,491.78","$7,081.59","$7,429.72","$43,500,782,316","$136,275,638,031"
2020-04-22,"$6,879.44","$7,145.87","$6,867.78","$7,117.21","$33,249,153,866","$130,530,916,077"
2020-04-21,"$6,879.78","$6,934.55","$6,834.44","$6,880.32","$32,589,741,511","$126,175,238,603"
2020-04-20,"$7,186.87","$7,240.29","$6,835.50","$6,881.96","$37,747,113,936","$126,192,239,912"
2020-04-19,"$7,260.92","$7,280.52","$7,167.05","$7,189.42","$31,311,210,215","$131,815,853,850"
2020-04-18,"$7,092.29","$7,269.96","$7,089.25","$7,257.66","$32,447,188,386","$133,053,136,876"
2020-04-17,"$7,116.55","$7,167.18","$7,050.33","$7,096.18","$32,513,423,567","$130,078,472,088"
2020-04-16,"$6,640.45","$7,134.45","$6,555.50","$7,116.80","$46,783,242,377","$130,445,413,270"
2020-04-15,"$6,845.56","$6,928.66","$6,633.40","$6,642.11","$32,288,311,031","$121,731,940,639"
2020-04-14,"$6,843.28","$6,958.56","$6,793.82","$6,842.43","$34,110,434,052","$125,388,687,977"
2020-04-13,"$6,965.62","$6,965.62","$6,668.26","$6,845.04","$38,619,308,647","$125,422,221,237"
2020-04-12,"$6,858.07","$7,119.95","$6,811.08","$6,971.09","$35,759,567,632","$127,716,846,208"
2020-04-11,"$6,867.44","$6,926.07","$6,789.92","$6,859.08","$31,222,085,946","$125,651,623,116"
2020-04-10,"$7,303.82","$7,303.82","$6,802.47","$6,865.49","$43,622,840,992","$125,755,496,117"
2020-04-09,"$7,337.97","$7,341.45","$7,179.09","$7,302.09","$34,815,139,178","$133,737,857,010"
2020-04-08,"$7,179.28","$7,356.22","$7,153.31","$7,334.10","$37,563,249,549","$134,309,895,036"
2020-04-07,"$7,273.64","$7,427.94","$7,136.71","$7,176.41","$44,243,482,668","$131,409,299,432"
2020-04-06,"$6,788.05","$7,271.78","$6,782.89","$7,271.78","$46,896,904,615","$133,140,400,948"
2020-04-05,"$6,862.54","$6,883.41","$6,715.93","$6,791.13","$29,510,409,856","$124,328,853,512"
2020-04-04,"$6,738.38","$6,878.95","$6,696.48","$6,867.53","$33,185,988,584","$125,712,834,530"
2020-04-03,"$6,797.40","$7,003.22","$6,673.34","$6,733.39","$38,976,504,903","$123,244,051,100"
2020-04-02,"$6,606.78","$7,088.25","$6,595.92","$6,793.62","$47,660,646,124","$124,335,130,640"
2020-04-01,"$6,437.32","$6,612.57","$6,202.37","$6,606.78","$40,346,426,266","$120,903,014,693"
2020-03-31,"$6,430.61","$6,504.52","$6,374.16","$6,438.64","$32,786,468,812","$117,814,077,267"
2020-03-30,"$5,925.54","$6,517.20","$5,903.23","$6,429.84","$37,101,651,525","$117,640,143,688"
2020-03-29,"$6,245.62","$6,250.47","$5,920.09","$5,922.04","$28,373,690,931","$108,338,520,156"
2020-03-28,"$6,467.25","$6,467.50","$6,117.84","$6,242.19","$34,885,225,901","$114,183,689,641"
2020-03-27,"$6,719.39","$6,793.84","$6,466.70","$6,469.80","$34,585,598,367","$118,336,082,172"
2020-03-26,"$6,675.17","$6,735.46","$6,590.96","$6,716.44","$35,319,797,642","$122,834,375,216"
2020-03-25,"$6,738.72","$6,892.51","$6,536.93","$6,681.06","$44,590,107,888","$122,174,009,143"
2020-03-24,"$6,436.64","$6,789.02","$6,411.07","$6,734.80","$48,221,910,672","$123,148,917,787"
2020-03-23,"$5,831.37","$6,443.93","$5,785.00","$6,416.31","$46,491,916,000","$117,314,776,187"
2020-03-22,"$6,185.56","$6,359.70","$5,823.71","$5,830.25","$40,099,664,740","$106,591,196,069"
2020-03-21,"$6,206.52","$6,378.14","$5,932.82","$6,185.07","$42,494,390,880","$113,068,192,795"
2020-03-20,"$6,191.65","$6,844.26","$5,865.78","$6,198.78","$54,442,976,103","$113,309,245,860"
2020-03-19,"$5,245.42","$6,329.74","$5,236.97","$6,191.19","$51,000,731,797","$113,162,079,956"
2020-03-18,"$5,227.11","$5,331.83","$5,069.34","$5,238.44","$37,878,801,016","$95,740,715,529"
2020-03-17,"$5,002.58","$5,371.35","$4,981.91","$5,225.63","$38,622,642,935","$95,499,941,183"
2020-03-16,"$5,385.23","$5,385.23","$4,575.36","$5,014.48","$45,368,026,430","$91,633,478,850"
2020-03-15,"$5,201.07","$5,836.65","$5,169.28","$5,392.31","$33,997,889,639","$98,530,059,890"
2020-03-14,"$5,573.08","$5,625.23","$5,125.07","$5,200.37","$36,154,506,008","$95,014,981,944"
2020-03-13,"$5,017.83","$5,838.11","$4,106.98","$5,563.71","$74,156,772,075","$101,644,613,038"
2020-03-12,"$7,913.62","$7,929.12","$4,860.35","$4,970.79","$53,980,357,243","$90,804,613,601"
2020-03-11,"$7,910.09","$7,950.81","$7,642.81","$7,911.43","$38,682,762,605","$144,508,402,671"
2020-03-10,"$7,922.15","$8,136.95","$7,814.76","$7,909.73","$42,213,940,994","$144,465,567,734"
2020-03-09,"$8,111.15","$8,177.79","$7,690.10","$7,923.64","$46,936,995,808","$144,706,353,758"
2020-03-08,"$8,908.21","$8,914.34","$8,105.25","$8,108.12","$39,973,102,121","$148,060,284,561"
2020-03-07,"$9,121.60","$9,163.22","$8,890.74","$8,909.95","$36,216,930,370","$162,684,945,903"
2020-03-06,"$9,078.31","$9,167.70","$9,032.08","$9,122.55","$40,826,885,651","$166,548,261,960"
2020-03-05,"$8,760.29","$9,142.05","$8,757.25","$9,078.76","$39,698,054,597","$165,731,679,918"
2020-03-04,"$8,788.54","$8,843.37","$8,712.43","$8,755.25","$34,746,706,368","$159,807,857,328"
2020-03-03,"$8,865.39","$8,901.60","$8,704.99","$8,787.79","$42,386,715,821","$160,383,579,416"
2020-03-02,"$8,563.26","$8,921.31","$8,532.63","$8,869.67","$42,857,674,409","$161,861,167,745"
2020-03-01,"$8,599.76","$8,726.80","$8,471.21","$8,562.45","$35,349,164,300","$156,238,987,740"
2020-02-29,"$8,671.21","$8,775.63","$8,599.51","$8,599.51","$35,792,392,544","$156,895,988,084"
2020-02-28,"$8,788.73","$8,890.46","$8,492.93","$8,672.46","$44,605,450,443","$158,211,707,019"
2020-02-27,"$8,825.09","$8,932.89","$8,577.20","$8,784.49","$45,470,195,695","$160,238,496,932"
2020-02-26,"$9,338.29","$9,354.78","$8,704.43","$8,820.52","$50,420,050,762","$160,879,489,024"
2020-02-25,"$9,651.31","$9,652.74","$9,305.02","$9,341.71","$42,515,259,129","$170,369,581,558"
2020-02-24,"$9,921.58","$9,951.75","$9,537.04","$9,650.17","$45,080,496,648","$175,977,808,526"
2020-02-23,"$9,663.32","$9,937.40","$9,657.79","$9,924.52","$41,185,185,761","$180,963,233,540"
2020-02-22,"$9,687.71","$9,698.23","$9,600.73","$9,663.18","$35,838,025,154","$176,180,696,548"
2020-02-21,"$9,611.78","$9,723.01","$9,589.74","$9,686.44","$40,930,547,513","$176,587,087,363"
2020-02-20,"$9,629.33","$9,643.22","$9,507.90","$9,608.48","$44,925,260,237","$175,147,142,158"
2020-02-19,"$10,143.80","$10,191.68","$9,611.22","$9,633.39","$46,992,019,710","$175,585,931,679"
2020-02-18,"$9,691.23","$10,161.94","$9,632.38","$10,142.00","$47,271,023,953","$184,838,512,656"
2020-02-17,"$9,936.56","$9,938.82","$9,507.64","$9,690.14","$45,998,298,413","$176,585,280,987"
2020-02-16,"$9,889.18","$10,053.97","$9,722.39","$9,934.43","$43,374,780,305","$181,017,665,264"
2020-02-15,"$10,313.86","$10,341.56","$9,874.43","$9,889.42","$43,865,054,831","$180,179,996,219"
2020-02-14,"$10,211.55","$10,322.00","$10,125.53","$10,312.12","$43,338,264,162","$187,862,645,449"
2020-02-13,"$10,323.96","$10,457.63","$10,116.16","$10,214.38","$49,356,071,373","$186,065,003,526"
2020-02-12,"$10,202.39","$10,393.61","$10,202.39","$10,326.05","$43,444,303,830","$188,081,204,386"
2020-02-11,"$9,855.89","$10,210.05","$9,729.33","$10,208.24","$37,648,059,389","$185,917,114,989"
2020-02-10,"$10,115.56","$10,165.77","$9,784.56","$9,856.61","$39,386,548,075","$179,494,809,266"
2020-02-09,"$9,863.89","$10,129.44","$9,850.39","$10,116.67","$35,807,884,663","$184,214,765,394"
2020-02-08,"$9,793.07","$9,876.75","$9,678.91","$9,865.12","$35,172,043,762","$179,615,828,322"
2020-02-07,"$9,726.00","$9,834.72","$9,726.00","$9,795.94","$34,522,718,159","$178,339,437,206"
2020-02-06,"$9,617.82","$9,824.62","$9,539.82","$9,729.80","$37,628,823,716","$177,118,274,394"
2020-02-05,"$9,183.42","$9,701.30","$9,163.70","$9,613.42","$35,222,060,874","$174,983,423,933"
2020-02-04,"$9,292.84","$9,331.27","$9,112.81","$9,180.96","$29,893,183,716","$167,093,636,162"
2020-02-03,"$9,344.68","$9,540.37","$9,248.63","$9,293.52","$30,934,096,509","$169,126,861,034"
2020-02-02,"$9,389.82","$9,468.80","$9,217.82","$9,344.37","$30,835,736,946","$170,034,976,662"
2020-02-01,"$9,346.36","$9,439.32","$9,313.24","$9,392.88","$25,922,656,496","$170,900,662,180"
2020-01-31,"$9,508.31","$9,521.71","$9,230.78","$9,350.53","$29,432,489,719","$170,112,778,161"
2020-01-30,"$9,316.02","$9,553.13","$9,230.90","$9,508.99","$32,378,792,851","$172,978,577,931"
2020-01-29,"$9,357.47","$9,406.43","$9,269.47","$9,316.63","$30,682,598,115","$169,460,984,603"
2020-01-28,"$8,912.52","$9,358.59","$8,908.45","$9,358.59","$34,398,744,403","$170,205,617,955"
2020-01-27,"$8,597.31","$8,977.73","$8,597.31","$8,909.82","$28,647,338,393","$162,027,957,435"
2020-01-26,"$8,364.41","$8,602.40","$8,325.50","$8,596.83","$22,177,678,796","$156,322,174,637"
2020-01-25,"$8,440.12","$8,458.45","$8,296.22","$8,367.85","$19,647,331,549","$152,143,262,650"
2020-01-24,"$8,405.57","$8,514.67","$8,266.84","$8,445.43","$24,397,913,026","$153,536,829,768"
2020-01-23,"$8,680.65","$8,687.75","$8,333.64","$8,406.52","$25,770,680,779","$152,813,329,633"
2020-01-22,"$8,744.21","$8,792.99","$8,636.75","$8,680.88","$22,600,204,051","$157,783,273,070"
2020-01-21,"$8,658.99","$8,755.71","$8,544.52","$8,745.89","$24,097,418,512","$158,947,996,834"
2020-01-20,"$8,704.63","$8,745.59","$8,560.47","$8,657.64","$26,422,375,678","$157,327,553,259"
2020-01-19,"$8,941.45","$9,164.36","$8,620.08","$8,706.25","$34,217,320,471","$158,194,319,735"
2020-01-18,"$8,927.21","$9,012.20","$8,827.33","$8,942.81","$32,337,772,627","$162,475,965,880"
2020-01-17,"$8,725.21","$8,958.12","$8,677.32","$8,929.04","$36,372,139,320","$162,211,148,778"
2020-01-16,"$8,812.48","$8,846.46","$8,612.10","$8,723.79","$31,313,981,931","$158,465,055,984"
2020-01-15,"$8,825.34","$8,890.12","$8,657.19","$8,807.01","$40,102,834,650","$159,959,191,212"
2020-01-14,"$8,140.93","$8,879.51","$8,140.93","$8,827.76","$44,841,784,107","$160,319,484,883"
2020-01-13,"$8,189.77","$8,197.79","$8,079.70","$8,144.19","$22,482,910,688","$147,890,525,973"
2020-01-12,"$8,033.26","$8,200.06","$8,009.06","$8,192.49","$22,903,438,381","$148,752,956,966"
2020-01-11,"$8,162.19","$8,218.36","$8,029.64","$8,037.54","$25,521,165,085","$145,924,199,942"
2020-01-10,"$7,878.31","$8,166.55","$7,726.77","$8,166.55","$28,714,583,844","$148,249,907,277"
2020-01-09,"$8,082.30","$8,082.30","$7,842.40","$7,879.07","$24,045,990,466","$143,016,572,819"
2020-01-08,"$8,161.94","$8,396.74","$7,956.77","$8,079.86","$31,672,559,265","$146,645,162,431"
2020-01-07,"$7,768.68","$8,178.22","$7,768.23","$8,163.69","$28,767,291,327","$148,152,237,654"
2020-01-06,"$7,410.45","$7,781.87","$7,409.29","$7,769.22","$23,276,261,598","$140,976,457,304"
2020-01-05,"$7,410.45","$7,544.50","$7,400.54","$7,411.32","$19,725,074,095","$134,469,548,249"
2020-01-04,"$7,345.38","$7,427.39","$7,309.51","$7,410.66","$18,444,271,275","$134,442,464,030"
2020-01-03,"$6,984.43","$7,413.72","$6,915.00","$7,344.88","$28,111,481,032","$133,233,444,755"
2020-01-02,"$7,202.55","$7,212.16","$6,935.27","$6,985.47","$20,802,083,465","$126,699,395,235"
2020-01-01,"$7,194.89","$7,254.33","$7,174.94","$7,200.17","$18,565,664,997","$130,580,829,150"
2019-12-31,"$7,294.44","$7,335.29","$7,169.78","$7,193.60","$21,167,946,112","$130,446,112,598"
2019-12-30,"$7,420.27","$7,454.82","$7,276.31","$7,293.00","$22,874,131,672","$132,235,128,152"
2019-12-29,"$7,317.65","$7,513.95","$7,279.87","$7,422.65","$22,445,257,702","$134,570,835,775"
2019-12-28,"$7,289.03","$7,399.04","$7,286.91","$7,317.99","$21,365,673,026","$132,659,059,740"
2019-12-27,"$7,238.14","$7,363.53","$7,189.93","$7,290.09","$22,777,360,996","$132,139,502,950"
2019-12-26,"$7,274.80","$7,388.30","$7,200.39","$7,238.97","$22,787,010,034","$131,200,030,100"
2019-12-25,"$7,325.76","$7,357.02","$7,220.99","$7,275.16","$21,559,505,149","$131,840,641,292"
2019-12-24,"$7,354.39","$7,535.72","$7,269.53","$7,322.53","$22,991,622,105","$132,687,583,295"
2019-12-23,"$7,508.90","$7,656.18","$7,326.19","$7,355.63","$27,831,788,041","$133,275,709,111"
2019-12-22,"$7,191.19","$7,518.03","$7,167.18","$7,511.59","$23,134,537,956","$136,088,022,049"
2019-12-21,"$7,220.59","$7,223.23","$7,112.74","$7,191.16","$19,312,552,168","$130,267,655,889"
2019-12-20,"$7,208.64","$7,257.92","$7,086.12","$7,218.82","$22,633,815,180","$130,752,796,980"
2019-12-19,"$7,277.59","$7,346.60","$7,041.38","$7,202.84","$25,904,604,416","$130,445,758,713"
2019-12-18,"$6,647.70","$7,324.98","$6,540.05","$7,276.80","$31,836,522,778","$131,754,969,804"
2019-12-17,"$6,931.32","$6,964.07","$6,587.97","$6,640.52","$22,363,804,217","$120,234,244,809"
2019-12-16,"$7,153.66","$7,171.17","$6,903.68","$6,932.48","$20,213,265,950","$125,515,586,952"
2019-12-15,"$7,124.24","$7,181.08","$6,924.38","$7,152.30","$16,881,129,804","$129,481,424,648"
2019-12-14,"$7,268.90","$7,308.84","$7,097.21","$7,124.67","$17,137,029,730","$128,970,221,233"
2019-12-13,"$7,244.66","$7,293.56","$7,227.12","$7,269.68","$17,125,736,940","$131,581,377,758"
2019-12-12,"$7,216.74","$7,266.64","$7,164.74","$7,243.13","$18,927,080,224","$131,087,151,088"
2019-12-11,"$7,277.20","$7,324.16","$7,195.53","$7,217.43","$16,350,490,689","$130,609,895,528"
2019-12-10,"$7,397.13","$7,424.02","$7,246.04","$7,278.12","$18,249,031,195","$131,696,121,855"
2019-12-09,"$7,561.80","$7,618.09","$7,365.99","$7,400.90","$17,872,021,272","$133,904,005,787"
2019-12-08,"$7,551.34","$7,634.61","$7,476.09","$7,564.35","$15,409,908,086","$136,847,419,896"
2019-12-07,"$7,547.27","$7,589.95","$7,525.71","$7,556.24","$15,453,520,564","$136,686,769,529"
2019-12-06,"$7,450.56","$7,547.00","$7,392.18","$7,547.00","$18,104,466,307","$136,504,883,935"
2019-12-05,"$7,253.24","$7,743.43","$7,232.68","$7,448.31","$18,816,085,231","$134,706,455,048"
2019-12-04,"$7,320.13","$7,539.78","$7,170.92","$7,252.03","$21,664,240,918","$131,143,073,943"
2019-12-03,"$7,323.98","$7,418.86","$7,229.36","$7,320.15","$14,797,485,769","$132,359,942,301"
2019-12-02,"$7,424.04","$7,474.82","$7,233.40","$7,321.99","$17,082,040,706","$132,378,982,377"
2019-12-01,"$7,571.62","$7,571.62","$7,291.34","$7,424.29","$18,720,708,479","$134,215,145,410"
2019-11-30,"$7,764.06","$7,836.10","$7,515.85","$7,569.63","$17,158,194,786","$136,829,391,049"
2019-11-29,"$7,466.73","$7,781.18","$7,460.76","$7,761.24","$19,709,695,456","$140,280,108,521"
2019-11-28,"$7,536.82","$7,730.07","$7,454.12","$7,463.11","$19,050,116,751","$134,879,411,013"
2019-11-27,"$7,220.88","$7,619.69","$6,974.17","$7,531.66","$23,991,412,764","$136,102,712,894"
2019-11-26,"$7,145.16","$7,320.23","$7,098.57","$7,218.37","$21,129,505,542","$130,429,018,720"
2019-11-25,"$7,039.98","$7,319.86","$6,617.17","$7,146.13","$42,685,231,262","$129,112,952,930"
2019-11-24,"$7,398.63","$7,408.58","$7,029.29","$7,047.92","$30,433,517,289","$127,327,398,565"
2019-11-23,"$7,296.16","$7,442.26","$7,151.42","$7,397.80","$21,008,924,418","$133,636,205,957"
2019-11-22,"$7,643.57","$7,697.38","$6,936.71","$7,296.58","$34,242,315,785","$131,791,783,672"
2019-11-21,"$8,023.64","$8,110.10","$7,597.38","$7,642.75","$22,514,243,371","$138,031,885,379"
2019-11-20,"$8,203.61","$8,237.24","$8,010.51","$8,027.27","$20,764,300,437","$144,962,727,398"
2019-11-19,"$8,305.13","$8,408.52","$8,099.96","$8,206.15","$21,083,613,816","$148,178,376,843"
2019-11-18,"$8,573.98","$8,653.28","$8,273.57","$8,309.29","$21,579,470,673","$150,025,712,267"
2019-11-17,"$8,549.47","$8,727.79","$8,500.97","$8,577.98","$18,668,638,897","$154,861,842,425"
2019-11-16,"$8,491.17","$8,592.00","$8,473.97","$8,550.76","$16,495,389,808","$154,354,054,194"
2019-11-15,"$8,705.71","$8,730.87","$8,484.84","$8,491.99","$21,796,856,471","$153,277,483,626"
2019-11-14,"$8,811.94","$8,826.94","$8,692.55","$8,708.10","$19,084,739,975","$157,160,974,644"
2019-11-13,"$8,812.03","$8,836.84","$8,761.65","$8,808.26","$17,545,755,405","$158,949,942,842"
2019-11-12,"$8,759.75","$8,853.77","$8,685.43","$8,815.66","$20,309,769,107","$159,068,712,900"
2019-11-11,"$9,056.92","$9,081.28","$8,700.61","$8,757.79","$20,265,510,765","$158,009,772,437"
2019-11-10,"$8,812.49","$9,103.83","$8,806.16","$9,055.53","$20,587,919,881","$163,364,406,732"
2019-11-09,"$8,809.47","$8,891.82","$8,793.16","$8,813.58","$17,578,630,606","$158,981,489,715"
2019-11-08,"$9,265.37","$9,272.76","$8,775.53","$8,804.88","$24,333,037,836","$158,808,570,729"
2019-11-07,"$9,352.39","$9,368.48","$9,202.35","$9,267.56","$22,700,383,839","$167,138,722,904"
2019-11-06,"$9,340.86","$9,423.24","$9,305.91","$9,360.88","$23,133,895,765","$168,806,151,583"
2019-11-05,"$9,413.00","$9,457.42","$9,256.93","$9,342.53","$26,198,609,048","$168,459,778,835"
2019-11-04,"$9,235.61","$9,505.05","$9,191.49","$9,412.61","$26,170,255,634","$169,706,332,936"
2019-11-03,"$9,324.79","$9,379.81","$9,141.25","$9,235.35","$21,132,220,847","$166,495,319,475"
2019-11-02,"$9,259.78","$9,377.49","$9,249.59","$9,324.72","$21,242,676,385","$168,090,392,935"
2019-11-01,"$9,193.99","$9,275.66","$9,132.05","$9,261.10","$24,324,691,031","$166,928,044,164"
2019-10-31,"$9,202.46","$9,383.16","$9,028.72","$9,199.58","$26,583,653,947","$165,804,227,835"
2019-10-30,"$9,422.46","$9,426.87","$9,085.37","$9,205.73","$27,706,531,577","$165,899,500,650"
2019-10-29,"$9,248.44","$9,516.18","$9,232.65","$9,427.69","$28,426,779,937","$169,883,866,262"
2019-10-28,"$9,565.10","$9,805.12","$9,256.15","$9,256.15","$30,948,255,332","$166,777,392,742"
2019-10-27,"$9,241.71","$9,749.53","$9,112.54","$9,551.71","$32,593,129,501","$172,087,039,875"
2019-10-26,"$8,667.58","$10,021.74","$8,662.62","$9,244.97","$44,496,255,609","$166,547,360,782"
2019-10-25,"$7,490.70","$8,691.54","$7,479.98","$8,660.70","$28,705,065,488","$156,006,603,607"
2019-10-24,"$7,509.73","$7,532.87","$7,446.99","$7,493.49","$16,268,708,849","$134,968,410,276"
2019-10-23,"$8,076.23","$8,093.00","$7,469.32","$7,514.67","$21,942,878,958","$135,337,364,282"
2019-10-22,"$8,243.40","$8,296.65","$8,074.46","$8,078.20","$16,803,377,857","$145,469,660,005"
2019-10-21,"$8,225.12","$8,296.69","$8,196.42","$8,243.72","$15,868,748,866","$148,432,733,155"
2019-10-20,"$7,997.81","$8,281.82","$7,949.44","$8,222.08","$15,504,249,442","$148,026,597,064"
2019-10-19,"$7,973.80","$8,082.63","$7,944.78","$7,988.56","$13,797,825,640","$143,808,163,807"
2019-10-18,"$8,100.93","$8,138.41","$7,902.16","$7,973.21","$15,651,592,610","$143,517,630,376"
2019-10-17,"$8,047.81","$8,134.83","$8,000.94","$8,103.91","$14,313,052,244","$145,853,994,298"
2019-10-16,"$8,204.67","$8,216.81","$7,985.09","$8,047.53","$16,071,646,996","$144,823,993,562"
2019-10-15,"$8,373.46","$8,410.71","$8,182.71","$8,205.37","$15,220,412,632","$147,650,082,215"
2019-10-14,"$8,320.83","$8,390.21","$8,284.13","$8,374.69","$15,151,387,859","$150,680,499,056"
2019-10-13,"$8,336.90","$8,470.99","$8,276.61","$8,321.01","$13,808,286,059","$149,700,817,939"
2019-10-12,"$8,315.66","$8,415.24","$8,313.34","$8,336.56","$14,532,641,605","$149,965,767,624"
2019-10-11,"$8,585.26","$8,721.78","$8,316.18","$8,321.76","$19,604,381,101","$149,685,618,275"
2019-10-10,"$8,585.28","$8,625.27","$8,471.93","$8,586.47","$17,618,660,671","$154,430,515,160"
2019-10-09,"$8,229.84","$8,627.71","$8,169.30","$8,595.74","$19,384,942,333","$154,579,656,110"
2019-10-08,"$8,246.85","$8,332.72","$8,185.76","$8,228.78","$15,592,264,032","$147,966,069,982"
2019-10-07,"$7,989.12","$8,308.45","$7,905.77","$8,245.62","$18,009,742,607","$148,252,589,805"
2019-10-06,"$8,149.88","$8,161.41","$7,958.85","$7,988.16","$13,160,830,305","$143,607,672,862"
2019-10-05,"$8,210.15","$8,215.53","$8,071.12","$8,151.50","$12,200,497,197","$146,529,229,668"
2019-10-04,"$8,259.49","$8,260.06","$8,151.24","$8,205.94","$13,139,456,229","$147,491,804,056"
2019-10-03,"$8,390.77","$8,414.23","$8,146.44","$8,259.99","$13,668,823,409","$148,448,162,840"
2019-10-02,"$8,344.21","$8,393.04","$8,227.70","$8,393.04","$13,125,712,443","$150,823,797,662"
2019-10-01,"$8,299.72","$8,497.69","$8,232.68","$8,343.28","$15,305,343,413","$149,913,972,768"
2019-09-30,"$8,104.23","$8,314.23","$7,830.76","$8,293.87","$17,115,474,183","$149,011,567,415"
2019-09-29,"$8,246.04","$8,261.71","$7,990.50","$8,104.19","$13,034,629,109","$145,590,374,681"
2019-09-28,"$8,251.27","$8,285.62","$8,125.43","$8,245.92","$14,141,152,736","$148,122,503,616"
2019-09-27,"$8,113.10","$8,271.52","$7,965.92","$8,251.85","$16,408,941,156","$148,212,635,834"
2019-09-26,"$8,487.67","$8,515.69","$7,895.63","$8,118.97","$19,258,205,289","$145,812,492,488"
2019-09-25,"$8,603.43","$8,744.83","$8,325.40","$8,486.99","$21,744,728,353","$152,404,005,091"
2019-09-24,"$9,729.32","$9,804.32","$8,370.80","$8,620.57","$25,002,886,689","$154,785,821,876"
2019-09-23,"$10,067.96","$10,074.24","$9,727.14","$9,729.32","$15,144,925,408","$174,674,558,023"
2019-09-22,"$10,024.12","$10,074.44","$9,922.53","$10,070.39","$13,199,651,698","$180,784,051,699"
2019-09-21,"$10,183.65","$10,188.10","$10,000.71","$10,019.72","$13,425,266,806","$179,853,287,294"
2019-09-20,"$10,266.32","$10,285.87","$10,132.19","$10,181.64","$14,734,189,639","$182,738,947,696"
2019-09-19,"$10,200.50","$10,295.67","$9,851.69","$10,266.41","$19,937,691,247","$184,240,949,577"
2019-09-18,"$10,247.80","$10,275.93","$10,191.47","$10,198.25","$16,169,268,880","$182,998,899,156"
2019-09-17,"$10,281.51","$10,296.77","$10,199.74","$10,241.27","$15,304,603,363","$183,748,515,828"
2019-09-16,"$10,347.22","$10,386.87","$10,189.74","$10,276.79","$15,160,167,779","$184,366,827,555"
2019-09-15,"$10,356.47","$10,387.03","$10,313.09","$10,347.71","$12,043,433,567","$185,618,174,384"
2019-09-14,"$10,345.40","$10,422.13","$10,291.69","$10,358.05","$13,468,713,124","$185,784,300,332"
2019-09-13,"$10,415.36","$10,441.49","$10,226.60","$10,360.55","$14,109,864,675","$185,809,163,035"
2019-09-12,"$10,176.82","$10,442.25","$10,099.24","$10,410.13","$15,323,563,925","$186,678,943,059"
2019-09-11,"$10,123.03","$10,215.95","$9,980.78","$10,178.37","$15,428,063,426","$182,502,788,242"
2019-09-10,"$10,336.41","$10,394.35","$10,020.57","$10,115.98","$14,906,809,639","$181,360,731,383"
2019-09-09,"$10,443.23","$10,450.31","$10,144.93","$10,334.97","$17,595,943,368","$185,263,578,990"
2019-09-08,"$10,518.11","$10,595.64","$10,409.09","$10,441.28","$13,670,567,493","$187,150,078,007"
2019-09-07,"$10,353.93","$10,558.67","$10,348.92","$10,517.25","$15,307,366,476","$188,488,525,926"
2019-09-06,"$10,578.20","$10,898.76","$10,292.30","$10,353.30","$19,536,574,783","$185,530,405,363"
2019-09-05,"$10,588.18","$10,627.27","$10,516.42","$10,575.53","$14,551,239,508","$189,492,405,383"
2019-09-04,"$10,621.18","$10,762.64","$10,434.71","$10,594.49","$16,742,664,769","$189,810,010,608"
2019-09-03,"$10,345.73","$10,736.10","$10,308.55","$10,623.54","$19,384,917,989","$190,312,487,956"
2019-09-02,"$9,757.47","$10,396.59","$9,730.65","$10,346.76","$17,248,102,294","$185,333,114,163"
2019-09-01,"$9,630.59","$9,796.76","$9,582.94","$9,757.97","$11,445,355,859","$174,768,292,883"
2019-08-31,"$9,597.54","$9,673.22","$9,531.80","$9,630.66","$11,454,806,419","$172,470,743,516"
2019-08-30,"$9,514.84","$9,656.12","$9,428.30","$9,598.17","$13,595,263,986","$171,869,216,524"
2019-08-29,"$9,756.79","$9,756.79","$9,421.63","$9,510.20","$17,045,878,501","$170,274,910,132"
2019-08-28,"$10,203.43","$10,279.37","$9,716.66","$9,754.42","$17,603,790,323","$174,627,460,400"
2019-08-27,"$10,372.83","$10,381.33","$10,087.30","$10,185.50","$14,762,609,503","$182,325,540,955"
2019-08-26,"$10,126.30","$10,512.33","$10,126.30","$10,370.82","$18,438,654,080","$185,625,235,889"
2019-08-25,"$10,160.74","$10,304.62","$10,008.79","$10,138.52","$14,153,856,610","$181,450,186,164"
2019-08-24,"$10,407.64","$10,418.02","$9,982.30","$10,159.96","$15,451,030,650","$181,813,631,752"
2019-08-23,"$10,136.31","$10,442.44","$10,078.19","$10,407.97","$15,627,023,886","$186,231,409,722"
2019-08-22,"$10,142.52","$10,233.00","$9,831.46","$10,131.06","$17,097,508,856","$181,257,125,783"
2019-08-21,"$10,764.57","$10,798.73","$9,962.72","$10,138.05","$19,473,084,768","$181,364,502,142"
2019-08-20,"$10,916.35","$10,947.04","$10,618.96","$10,763.23","$15,053,082,175","$192,530,283,565"
2019-08-19,"$10,350.28","$10,916.05","$10,313.20","$10,916.05","$16,038,264,603","$195,243,306,008"
2019-08-18,"$10,233.01","$10,487.07","$10,119.09","$10,345.81","$12,999,813,869","$185,022,920,955"
2019-08-17,"$10,358.72","$10,452.62","$10,086.70","$10,231.74","$13,778,035,685","$182,966,857,173"
2019-08-16,"$10,319.42","$10,524.35","$9,855.48","$10,374.34","$20,228,207,096","$185,500,055,339"
2019-08-15,"$10,038.42","$10,437.41","$9,675.32","$10,311.55","$22,899,115,082","$184,357,666,577"
2019-08-14,"$10,889.49","$10,889.56","$10,028.14","$10,051.70","$19,990,838,300","$179,692,803,424"
2019-08-13,"$11,385.05","$11,420.05","$10,830.33","$10,895.83","$16,681,503,537","$194,762,696,644"
2019-08-12,"$11,528.19","$11,528.19","$11,320.95","$11,382.62","$13,647,198,229","$203,441,494,985"
2019-08-11,"$11,349.74","$11,523.58","$11,248.29","$11,523.58","$15,774,371,518","$205,941,632,235"
2019-08-10,"$11,861.56","$11,915.66","$11,323.90","$11,354.02","$18,125,355,447","$202,890,020,455"
2019-08-09,"$11,953.47","$11,970.46","$11,709.75","$11,862.94","$18,339,989,960","$211,961,319,133"
2019-08-08,"$11,954.04","$11,979.42","$11,556.17","$11,966.41","$19,481,591,730","$213,788,089,212"
2019-08-07,"$11,476.19","$12,036.99","$11,433.70","$11,941.97","$22,194,988,641","$213,330,426,789"
2019-08-06,"$11,811.55","$12,273.82","$11,290.73","$11,478.17","$23,635,107,660","$205,023,347,814"
2019-08-05,"$10,960.74","$11,895.09","$10,960.74","$11,805.65","$23,875,988,832","$210,848,822,060"
2019-08-04,"$10,821.63","$11,009.21","$10,620.28","$10,970.18","$16,530,894,787","$195,907,875,403"
2019-08-03,"$10,519.28","$10,946.78","$10,503.50","$10,821.73","$15,352,685,061","$193,233,960,601"
2019-08-02,"$10,402.04","$10,657.95","$10,371.01","$10,518.17","$17,489,094,082","$187,791,090,996"